Column Name,Variable Name,viet,Content
laufkont,status,tình tr_ng tài kho_n vãng lai (checking account) c_a ng__i vay t_i ngân hàng (bi_n phân lo_i — categorical),status of the debtor's checking account with the bank (categorical)
laufzeit,duration,th_i h_n kho_n vay tính theo tháng (bi_n __nh l__ng — quantitative),credit duration in months (quantitative)
moral,credit_history,l_ch s_ tuân th_ các h_p __ng tín d_ng tr__c _ây ho_c _ang có (bi_n phân lo_i),history of compliance with previous or concurrent credit contracts (categorical)
verw,purpose,m_c _ích c_n vay ti_n (bi_n phân lo_i),purpose for which the credit is needed (categorical)
hoehe,amount,s_ ti_n vay tính b_ng DM (Deutsche Mark) (bi_n __nh l__ng; _ây là k_t qu_ c_a m_t phép bi_n __i __n _i_u — monotonic transformation; d_ li_u g_c và lo_i bi_n __i c_ th_ không ___c bi_t),credit amount in DM (quantitative; result of monotonic transformation; actual data and type of transformation unknown)
sparkont,savings,m_c ti_t ki_m c_a ng__i vay (bi_n phân lo_i),debtor's savings (categorical)
beszeit,employment_duration,th_i gian ng__i vay _ã làm vi_c cho ch_ lao __ng hi_n t_i (bi_n th_ b_c — ordinal; v_n là bi_n __nh l__ng nh_ng _ã ___c r_i r_c hóa thành các kho_ng),duration of debtor's employment with current employer (ordinal; discretized quantitative)
rate,installment_rate,t_ l_ ph_n tr_m kho_n tr_ góp tín d_ng so v_i thu nh_p kh_ d_ng c_a ng__i vay (bi_n th_ b_c; __nh l__ng _ã r_i r_c hóa),credit installments as a percentage of debtor's disposable income (ordinal; discretized quantitative)
famges,personal_status_sex,"thông tin g_p chung gi_a gi_i tính và tình tr_ng hôn nhân (bi_n phân lo_i); không th_ suy ra chính xác gi_i tính t_ bi_n này, vì nam __c thân và n_ không-__c-thân __u ___c mã hóa cùng m_t mã s_ (2); n_ góa ch_ng c_ng không th_ phân lo_i rõ ràng, vì b_ng mã không li_t kê h_ vào b_t k_ nhóm n_ nào.","combined information on sex and marital status; categorical; sex cannot be recovered from the variable, because male singles and female non - singles are coded with the same code(2); female widows cannot be easily classified,because the code table does not list them in any of the female categories "
buerge,other_debtors,có ng__i __ng vay ho_c ng__i b_o lãnh nào khác cho kho_n tín d_ng này không? (bi_n phân lo_i),Is there another debtor or a guarantor for the credit? (categorical)
wohnzeit,present_residence,th_i gian (tính theo n_m) ng__i vay _ã s_ng t_i n_i _ hi_n t_i (bi_n th_ b_c; __nh l__ng _ã r_i r_c hóa),length of time (in years) the debtor lives in the present residence (ordinal; discretized quantitative)
verm,property,"tài s_n có giá tr_ nh_t c_a ng__i vay, t_c là mã cao nh_t có th_ áp d_ng ___c s_ ___c dùng. Mã 2 ___c dùng n_u mã 3 ho_c 4 không áp d_ng ___c nh_ng ng__i vay có xe h_i ho_c tài s_n _áng k_ khác không thu_c bi_n sparkont (bi_n th_ b_c — ordinal)","the debtor's most valuable property, i.e. the highest possible code is used. Code 2 is used, if codes 3 or 4 are not applicable and there is a car or any other relevant property that does not fall under variable sparkont.(ordinal)"
alter,age,,age in years (quantitative)
weitkred,other_installment_plans,các k_ ho_ch tr_ góp t_ nhà cung c_p khác ngoài ngân hàng _ang cho vay (bi_n phân lo_i),installment plans from providers other than the credit-giving bank (categorical)
wohn,housing,lo_i hình nhà _ mà ng__i vay _ang s_ng (bi_n phân lo_i),type of housing the debtor lives in (categorical)
bishkred,number_credits,"s_ l__ng kho_n tín d_ng (k_ c_ kho_n _ang xét) mà ng__i vay _ang có ho_c t_ng có t_i ngân hàng này (bi_n th_ b_c, __nh l__ng _ã r_i r_c hóa); trái v_i mô t_ c_a Fahrmeir (1984), d_ li_u g_c (giá tr_ s_ th_c) không còn kh_ d_ng","number of credits including the current one the debtor has (or had) at this bank (ordinal, discretized quantitative); contrary to Fahrmeir(1984) statement, the original data values are not available."
beruf,job,m_c __/ch_t l__ng công vi_c c_a ng__i vay (bi_n th_ b_c),quality of debtor's job (ordinal)
pers,people_liable,"s_ ng__i ph_ thu_c tài chính vào ng__i vay (t_c là nh_ng ng__i mà ng__i vay có ngh_a v_ c_p d__ng) (bi_n nh_ phân, __nh l__ng _ã r_i r_c hóa)","number of persons who financially depend on the debtor (i.e., are entitled to maintenance) (binary,discretized quantitative)"
telef,telephone,"ng__i vay có __ng k_ _i_n tho_i c_ __nh (landline) __ng tên mình không? (bi_n nh_ phân; l_u _ d_ li_u này thu th_p t_ th_p niên 1970, nên khái ni_m ""có _i_n tho_i"" khi _ó khác bây gi_ nhi_u)",Is there a telephone landline registered on the debtor's name? (binary; remember that the data are from the 1970 s)
gastarb,foreign_worker,ng__i vay có ph_i là lao __ng n__c ngoài (foreign worker) hay không? (bi_n nh_ phân),Is the debtor a foreign worker? (binary)
kredit,credit_risk,h_p __ng tín d_ng có ___c tuân th_ __y __ (good) hay không (bad)? (bi_n nh_ phân — _ây chính là bi_n target/nhãn c_a bài toán),Has the credit contract been complied with (good) or not (bad) ? (binary)