Id,laufkont,laufzeit,moral,verw,hoehe,sparkont,beszeit,rate,famges,buerge,wohnzeit,verm,alter,weitkred,wohn,bishkred,beruf,pers,telef,gastarb,bad_credit
1,1,9,4,0,2799,1,3,2,3,1,2,1,36,3,1,2,3,1,1,2,0
15,1,6,2,3,2647,3,3,2,3,1,3,1,44,3,1,1,3,1,1,2,0
16,1,11,4,0,3939,1,3,1,3,1,2,1,40,3,2,2,2,1,1,2,0
25,2,11,3,3,4771,1,4,2,3,1,4,2,51,3,2,1,3,2,1,2,0
26,1,12,2,2,652,1,5,4,2,1,4,2,24,3,1,1,3,2,1,2,0
34,1,15,2,0,1721,1,2,2,3,1,3,1,36,3,2,1,3,2,1,2,0
39,4,24,4,1,3868,1,5,4,2,1,2,3,41,3,1,2,4,2,2,2,0
41,1,24,2,10,1755,1,5,4,2,3,4,1,58,3,2,1,2,2,2,2,0
50,4,12,2,0,640,1,3,4,1,1,2,1,49,3,2,1,2,2,1,2,0
58,4,21,2,3,3160,5,5,4,3,1,3,2,41,3,2,1,3,2,2,2,0
63,4,36,3,0,10875,1,5,2,3,1,2,3,45,3,2,2,3,1,2,2,0
73,4,24,2,2,929,5,4,4,3,1,2,3,31,2,2,1,3,2,2,2,0
76,4,21,4,1,3275,1,5,1,3,1,4,3,36,3,2,1,4,2,2,2,0
77,4,24,4,0,1940,4,5,4,3,1,4,1,60,3,2,1,3,2,2,2,0
81,4,36,4,3,3342,5,5,4,3,1,2,3,51,3,2,1,3,2,2,2,0
89,2,24,3,0,1965,5,3,4,2,1,4,3,42,3,1,2,3,2,2,2,0
105,4,24,2,0,1393,1,3,2,3,3,2,1,31,3,2,1,3,2,2,2,0
114,2,21,2,2,3976,5,4,2,3,1,3,3,35,3,2,1,3,2,2,2,0
119,4,24,2,2,3062,3,5,4,3,1,3,4,32,3,1,1,3,2,2,2,0
126,4,15,2,4,874,5,2,4,2,1,1,1,24,3,2,1,3,2,1,2,0
127,4,6,2,2,2978,3,3,1,3,1,2,3,32,3,2,1,3,2,2,2,0
129,4,24,4,3,2872,2,5,3,3,1,4,1,36,3,2,1,3,1,2,2,0
131,4,18,2,2,2515,1,3,3,3,1,4,1,43,3,2,1,3,2,2,2,0
134,4,10,2,0,1364,1,3,2,2,1,4,3,64,3,2,1,3,2,2,2,0
135,4,6,2,2,1543,4,3,4,1,1,2,1,33,3,2,1,3,2,1,2,0
155,4,24,4,3,2684,1,3,4,3,1,2,1,35,3,2,2,2,2,1,2,0
164,3,15,2,6,392,1,2,4,2,1,4,2,23,3,1,1,3,2,2,2,0
166,4,30,4,3,5771,1,4,4,2,1,2,3,25,3,2,2,3,2,1,2,0
170,3,36,2,3,5848,1,3,4,3,1,1,3,24,3,2,1,3,2,1,2,0
175,4,24,2,3,3235,3,5,3,1,1,2,3,36,3,2,1,4,2,2,2,0
194,4,12,2,3,1262,1,3,3,3,1,2,3,25,3,2,1,3,2,1,2,0
199,4,48,1,9,3609,1,3,1,2,1,1,1,27,2,2,1,3,2,1,2,0
200,4,30,2,3,2333,3,5,4,3,1,2,3,30,1,2,1,4,2,1,2,0
207,2,15,2,3,1444,5,2,4,3,1,1,2,23,3,2,1,3,2,1,2,0
212,1,24,1,2,2483,3,3,4,3,1,4,1,22,2,2,1,3,2,2,2,0
228,4,21,2,9,1572,4,5,4,2,1,4,1,36,1,2,1,2,2,1,2,0
230,4,24,2,3,1278,1,5,4,3,1,1,1,36,3,2,1,4,2,2,2,0
233,1,30,2,1,3857,1,3,4,1,1,4,2,40,3,2,1,4,2,2,2,0
246,4,18,4,3,1800,1,3,4,3,1,2,3,24,3,2,2,3,2,1,2,0
247,4,24,3,2,4151,2,3,2,3,1,3,2,35,3,2,2,3,2,1,2,0
252,4,12,2,3,804,1,5,4,3,1,4,3,38,3,2,1,3,2,1,2,0
262,3,10,2,2,1275,1,2,4,2,1,2,2,23,3,2,1,3,2,1,2,0
263,4,9,2,2,1313,1,5,1,3,1,4,3,20,3,2,1,3,2,1,2,0
265,4,22,2,3,2675,3,5,3,3,1,4,3,40,3,2,1,3,2,1,2,0
266,2,9,2,3,2118,1,3,2,3,1,2,1,37,3,2,1,2,1,1,2,0
278,1,24,2,3,3660,1,3,2,2,1,4,3,28,3,2,1,3,2,1,2,0
282,4,12,2,1,4675,5,2,1,2,1,4,3,20,3,1,1,3,2,1,2,0
295,4,36,2,1,8133,1,3,1,2,1,2,2,30,1,2,1,3,2,1,2,0
297,4,6,3,9,1743,2,3,1,3,1,2,1,34,3,2,2,2,2,1,2,0
304,3,9,2,3,745,1,3,3,2,1,2,1,28,3,2,1,2,2,1,2,1
306,1,6,2,2,1374,1,3,1,3,1,2,1,36,1,2,1,2,2,2,2,0
308,1,21,2,3,2606,1,2,4,2,1,4,2,28,3,1,1,4,2,2,2,0
312,4,6,4,0,250,4,3,2,2,1,2,1,41,1,2,2,2,2,1,2,0
316,4,24,1,9,1559,1,4,4,3,1,4,3,40,1,2,1,3,2,2,2,0
324,4,10,2,0,1546,1,3,3,3,1,2,1,31,3,2,1,2,1,1,1,0
326,4,10,2,0,1418,2,3,3,3,1,2,1,35,3,1,1,2,2,1,1,0
327,3,6,4,0,1343,1,5,1,3,1,4,1,46,3,2,2,3,1,1,1,0
330,4,24,4,6,1927,5,3,3,2,1,2,3,33,3,2,2,3,2,2,2,0
333,4,22,2,0,1283,5,4,4,2,1,4,2,25,3,1,1,3,2,1,2,0
345,4,10,2,3,1924,1,3,1,3,1,4,2,38,3,2,1,3,2,2,1,0
349,4,12,4,6,701,1,3,4,3,1,2,3,32,3,2,2,3,2,1,2,0
354,4,6,2,3,1346,2,5,2,3,1,4,4,42,1,3,1,3,1,2,2,0
369,1,24,2,2,3021,1,3,2,1,1,2,1,24,3,1,1,2,2,1,2,0
376,1,12,0,5,1108,1,4,4,3,1,3,1,28,3,2,2,3,2,1,2,1
377,2,27,3,1,5965,1,5,1,3,1,2,3,30,3,2,2,4,2,2,2,0
379,4,30,4,3,6742,5,4,2,3,1,3,2,36,3,2,2,3,2,1,2,0
395,2,9,2,3,1206,1,5,4,2,1,4,1,25,3,2,1,3,2,1,2,0
399,2,12,2,0,6078,1,4,2,3,1,2,3,32,3,2,1,3,2,1,2,0
409,4,42,2,3,7166,5,4,2,4,1,4,2,29,3,1,1,3,2,2,2,0
412,4,12,4,3,976,5,5,4,3,1,4,3,35,3,2,2,3,2,1,2,0
416,4,11,4,3,1154,2,1,4,2,1,4,1,57,3,2,3,2,2,1,2,0
419,1,15,4,2,1478,1,5,4,3,1,4,3,44,3,2,2,3,1,2,2,0
431,4,12,3,5,1555,4,5,4,3,1,4,4,55,3,3,2,3,1,1,2,1
436,4,15,4,6,1532,2,3,4,2,1,3,3,31,3,2,1,3,2,1,2,0
445,4,12,2,2,1574,1,3,4,3,1,2,1,50,3,2,1,3,2,1,2,0
452,2,10,2,0,7308,1,1,2,3,1,4,4,70,1,3,1,4,2,2,2,0
459,4,12,2,1,2445,5,2,2,4,1,4,3,26,3,1,1,3,2,2,2,0
460,2,20,2,1,6468,5,1,1,1,1,4,1,60,3,2,1,4,2,2,2,0
468,2,36,2,3,2323,1,4,4,3,1,4,3,24,3,1,1,3,2,1,2,0
470,4,18,2,2,1984,1,3,4,3,1,4,4,47,1,3,2,3,2,1,2,0
473,4,15,2,2,2186,5,4,1,2,1,4,1,33,1,1,1,2,2,1,2,0
475,4,24,2,8,937,1,2,4,4,1,3,3,27,3,2,2,2,2,1,2,0
485,4,12,4,9,1185,1,3,3,2,1,2,1,27,3,2,2,3,2,1,2,0
491,4,12,4,2,3331,1,5,2,3,1,4,2,42,2,2,1,3,2,1,2,0
499,1,12,2,3,1680,3,5,3,4,1,1,1,35,3,2,1,3,2,1,2,0
504,4,24,2,1,7814,1,4,3,3,1,3,3,38,3,2,1,4,2,2,2,0
505,4,6,4,3,1740,1,5,2,4,1,2,1,30,3,1,2,3,2,1,2,0
514,4,15,2,0,3186,4,4,2,2,1,3,3,20,3,1,1,3,2,1,2,0
524,2,12,4,1,1860,1,1,4,3,1,2,3,34,3,2,2,4,2,2,2,0
529,4,18,4,3,2238,1,3,2,2,1,1,3,25,3,2,2,3,2,1,2,0
547,3,10,4,3,1347,5,4,4,3,1,2,2,27,3,2,2,3,2,2,2,0
554,2,11,2,2,1577,4,2,4,2,1,1,1,20,3,2,1,3,2,1,2,0
555,4,33,3,9,2764,1,3,2,2,1,2,3,26,3,2,2,3,2,2,2,0
558,4,24,2,1,5433,5,1,2,2,1,4,2,26,3,1,1,4,2,2,2,0
559,2,14,2,9,1410,3,5,1,4,1,2,1,35,3,2,1,3,2,2,2,0
561,4,18,4,1,3850,1,4,3,3,1,1,3,27,3,2,2,3,2,1,2,0
568,4,12,4,2,1935,1,5,4,3,1,4,1,43,3,2,3,3,2,2,2,0
574,2,36,2,1,6948,1,3,2,3,1,2,3,35,3,1,1,4,2,2,2,0
577,1,12,2,6,684,1,3,4,3,1,4,3,40,3,1,1,2,1,1,2,1
586,1,18,4,0,5302,1,5,2,3,1,4,4,36,3,3,3,4,2,2,2,0
587,1,36,2,2,3620,1,3,1,3,3,2,2,37,3,2,1,3,1,1,2,0
588,1,18,2,3,3509,1,4,4,2,3,1,1,25,3,2,1,3,2,1,2,0
592,1,36,4,2,6229,1,2,4,2,2,4,4,23,3,1,2,2,2,2,2,1
600,1,36,2,1,8229,1,3,2,3,1,2,2,26,3,2,1,3,1,1,2,1
605,1,15,4,2,975,1,3,2,1,1,3,2,25,3,2,2,3,2,1,2,0
611,1,12,2,2,2577,1,3,2,1,1,1,3,42,3,2,1,3,2,1,2,0
614,1,24,2,1,6579,1,1,4,3,1,2,4,29,3,3,1,4,2,2,2,0
615,1,12,2,0,1893,1,3,4,2,3,4,2,29,3,2,1,3,2,2,2,0
622,1,12,4,1,1526,1,5,4,3,1,4,4,66,3,3,2,4,2,1,2,0
629,1,12,2,2,2578,1,1,3,2,1,4,4,55,3,3,1,4,2,1,2,0
630,1,15,4,2,1433,1,3,4,2,1,3,2,25,3,1,2,3,2,1,2,0
633,1,36,2,2,3959,1,1,4,3,1,3,2,30,3,2,1,4,2,2,2,0
635,1,24,2,2,3149,1,2,4,3,1,1,4,22,1,3,1,3,2,1,2,0
647,4,48,3,3,7238,5,5,3,3,1,3,3,32,1,2,2,3,1,1,2,0
655,2,18,3,9,2427,5,5,4,3,1,2,2,42,3,2,2,3,2,1,2,0
665,2,12,2,3,1092,1,3,4,2,3,4,1,49,3,2,2,3,2,2,2,0
683,2,15,4,3,1537,5,5,4,3,3,4,1,50,3,2,2,3,2,2,2,0
697,4,24,2,3,1413,1,3,4,4,1,2,2,28,3,2,1,3,2,1,2,0
699,1,24,4,3,1231,4,5,4,2,1,4,2,57,3,1,2,4,2,2,2,0
702,1,18,3,6,8471,5,3,1,2,1,2,3,23,3,1,2,3,2,2,2,0
704,1,6,4,3,1169,5,5,4,3,1,4,1,67,3,2,2,3,2,2,2,0
714,4,6,2,0,3518,1,3,2,3,3,3,2,26,3,1,1,3,2,1,2,0
718,2,18,2,2,1924,5,2,4,2,1,3,1,27,3,1,1,3,2,1,2,1
730,2,42,1,1,9283,1,1,1,3,1,2,4,55,1,3,1,4,2,2,2,0
732,4,15,4,1,3368,4,5,3,3,1,4,4,23,3,1,2,3,2,2,2,0
744,4,30,2,1,4811,5,4,2,2,1,4,2,24,2,1,1,2,2,1,2,0
747,4,24,4,5,5507,1,5,3,3,1,4,4,44,3,3,2,3,2,1,2,0
752,2,9,4,6,1136,4,5,4,3,1,3,4,32,3,3,2,3,1,1,2,1
758,2,30,2,0,2150,1,3,4,2,3,2,4,24,1,2,1,3,2,1,2,1
779,4,15,2,6,4623,2,3,3,3,1,2,2,40,3,2,1,4,2,2,2,1
787,2,15,3,5,1512,4,3,3,4,1,3,2,61,2,2,2,3,2,1,2,1
797,3,21,4,6,2319,1,2,2,1,1,1,3,33,3,1,1,3,2,1,2,1
799,3,24,2,0,947,1,4,4,3,1,3,4,38,1,3,1,3,1,1,2,1
803,2,18,2,0,1042,5,3,4,2,1,2,2,33,3,2,1,3,2,1,2,1
813,1,18,2,3,3190,1,3,2,2,1,2,1,24,3,2,1,3,2,1,2,1
820,2,48,2,3,10961,4,4,1,3,2,2,4,27,1,2,2,3,2,2,2,1
825,2,6,3,0,1209,1,1,4,3,1,4,2,47,3,2,1,4,2,2,2,1
826,2,48,0,9,3844,2,4,4,3,1,4,4,34,3,3,1,2,1,1,2,1
854,4,18,2,2,1533,1,2,4,4,2,1,2,43,3,2,1,2,1,1,2,1
858,1,42,2,3,3965,1,2,4,3,1,3,3,34,3,2,1,3,2,1,2,1
881,3,9,0,3,1337,1,2,4,3,1,2,3,34,3,2,2,4,2,2,2,1
885,2,48,2,0,6560,2,4,3,3,1,2,2,24,3,2,1,3,2,1,2,1
892,2,12,2,3,1484,5,3,2,4,1,1,1,25,3,2,1,3,2,2,2,1
899,4,10,2,0,1309,5,3,4,3,3,4,2,27,3,2,1,2,2,1,2,1
902,2,36,3,0,2225,1,5,4,3,1,4,4,57,1,3,2,3,2,2,2,1
907,1,30,2,2,2406,1,4,4,2,1,4,1,23,3,1,1,3,2,1,2,1
914,1,24,0,2,4110,1,5,3,3,1,4,4,23,1,1,2,3,1,1,2,1
937,2,18,4,0,884,1,5,4,3,1,4,3,36,3,2,1,3,1,2,2,1
943,2,36,2,0,12389,5,3,1,3,1,4,4,37,1,3,1,3,2,2,2,1
944,1,12,2,3,709,1,5,4,3,1,4,1,57,3,2,1,2,2,1,2,1
945,2,15,1,0,6850,2,1,1,3,1,2,2,34,2,2,1,4,1,2,2,1
946,4,10,2,2,2210,1,3,2,3,1,2,1,25,3,1,1,2,2,1,2,1
948,1,18,1,0,1442,1,4,4,3,1,4,4,32,1,3,2,2,1,1,2,1
952,2,21,2,9,1188,1,5,2,2,1,4,2,39,3,2,1,3,1,1,2,1
954,3,12,1,9,609,1,2,4,2,1,1,1,26,1,2,1,1,2,1,2,1
959,2,24,2,3,3092,2,2,3,4,1,2,3,22,3,1,1,3,2,2,2,1
966,4,24,3,9,8648,1,2,2,3,1,2,3,27,1,2,2,3,2,2,2,1
979,1,12,2,1,3386,1,5,3,3,1,4,4,35,3,3,1,3,2,2,2,1
991,2,24,2,1,12579,1,5,4,2,1,2,4,44,3,3,1,4,2,2,2,1
994,1,12,0,3,6199,1,3,4,3,1,2,2,28,3,1,2,3,2,2,2,1
