outer_fold,Id,outer_role,inner_validation_fold
1,2,training,1
1,3,training,2
1,5,training,3
1,6,training,3
1,7,training,2
1,8,training,2
1,9,training,1
1,11,training,2
1,13,training,3
1,17,training,2
1,19,training,2
1,28,training,1
1,30,training,2
1,31,training,2
1,33,training,2
1,36,training,3
1,37,training,3
1,38,training,2
1,40,training,2
1,42,training,1
1,43,training,2
1,45,training,3
1,46,training,1
1,47,training,3
1,51,training,3
1,53,training,3
1,54,training,1
1,55,training,3
1,56,training,2
1,57,training,1
1,59,training,3
1,61,training,1
1,62,training,1
1,68,training,3
1,70,training,2
1,71,training,2
1,75,training,3
1,83,training,3
1,84,training,2
1,85,training,3
1,86,training,1
1,87,training,2
1,88,training,2
1,91,training,1
1,92,training,3
1,93,training,1
1,96,training,1
1,98,training,3
1,103,training,3
1,106,training,1
1,108,training,3
1,109,training,3
1,113,training,2
1,116,training,2
1,118,training,1
1,120,training,3
1,121,training,3
1,122,training,2
1,123,training,2
1,124,training,2
1,125,training,1
1,132,training,3
1,137,training,1
1,138,training,3
1,142,training,1
1,143,training,3
1,146,training,1
1,147,training,1
1,148,training,3
1,149,training,2
1,150,training,3
1,151,training,1
1,153,training,3
1,157,training,1
1,159,training,3
1,160,training,3
1,162,training,2
1,163,training,2
1,165,training,3
1,167,training,3
1,168,training,3
1,169,training,2
1,171,training,1
1,172,training,1
1,174,training,2
1,177,training,2
1,178,training,3
1,179,training,1
1,180,training,2
1,181,training,1
1,183,training,2
1,184,training,1
1,185,training,2
1,189,training,1
1,195,training,3
1,196,training,1
1,197,training,1
1,202,training,1
1,204,training,2
1,205,training,1
1,209,training,2
1,210,training,3
1,211,training,3
1,214,training,2
1,217,training,1
1,218,training,2
1,220,training,1
1,222,training,1
1,223,training,1
1,224,training,2
1,226,training,2
1,227,training,2
1,234,training,2
1,235,training,1
1,236,training,3
1,238,training,2
1,239,training,3
1,242,training,1
1,243,training,3
1,244,training,2
1,248,training,1
1,250,training,2
1,251,training,1
1,253,training,1
1,254,training,1
1,256,training,3
1,257,training,1
1,259,training,2
1,260,training,2
1,261,training,2
1,269,training,1
1,271,training,2
1,272,training,2
1,273,training,3
1,274,training,3
1,275,training,2
1,276,training,3
1,277,training,2
1,279,training,3
1,280,training,3
1,281,training,1
1,283,training,2
1,285,training,3
1,287,training,3
1,288,training,1
1,289,training,3
1,292,training,1
1,293,training,2
1,294,training,3
1,296,training,2
1,298,training,2
1,299,training,3
1,300,training,2
1,301,training,1
1,302,training,1
1,303,training,2
1,305,training,2
1,309,training,2
1,310,training,3
1,313,training,2
1,314,training,3
1,315,training,1
1,318,training,3
1,319,training,2
1,320,training,3
1,322,training,2
1,323,training,3
1,325,training,3
1,329,training,3
1,331,training,3
1,332,training,1
1,334,training,1
1,335,training,3
1,336,training,1
1,337,training,3
1,338,training,2
1,340,training,2
1,341,training,2
1,344,training,3
1,346,training,1
1,347,training,2
1,348,training,1
1,350,training,1
1,351,training,1
1,353,training,1
1,356,training,1
1,357,training,2
1,358,training,1
1,360,training,2
1,361,training,3
1,362,training,1
1,363,training,2
1,367,training,2
1,371,training,1
1,372,training,3
1,373,training,3
1,374,training,3
1,378,training,3
1,381,training,1
1,382,training,3
1,383,training,3
1,384,training,3
1,385,training,2
1,387,training,1
1,389,training,3
1,390,training,3
1,391,training,3
1,392,training,1
1,394,training,3
1,396,training,2
1,397,training,3
1,402,training,2
1,403,training,3
1,404,training,3
1,405,training,1
1,406,training,2
1,407,training,2
1,410,training,1
1,413,training,1
1,414,training,1
1,415,training,1
1,418,training,3
1,420,training,1
1,421,training,1
1,422,training,3
1,424,training,1
1,425,training,2
1,426,training,1
1,427,training,2
1,428,training,1
1,429,training,1
1,430,training,3
1,432,training,2
1,433,training,2
1,434,training,2
1,435,training,1
1,437,training,1
1,438,training,3
1,439,training,1
1,440,training,2
1,441,training,3
1,443,training,2
1,446,training,2
1,447,training,2
1,448,training,2
1,449,training,3
1,450,training,1
1,451,training,1
1,453,training,1
1,454,training,1
1,455,training,2
1,457,training,3
1,458,training,1
1,461,training,3
1,463,training,2
1,464,training,2
1,465,training,2
1,466,training,3
1,467,training,3
1,469,training,3
1,474,training,2
1,477,training,2
1,479,training,3
1,480,training,1
1,481,training,2
1,486,training,1
1,488,training,2
1,489,training,1
1,490,training,1
1,492,training,2
1,495,training,1
1,496,training,3
1,497,training,1
1,500,training,3
1,503,training,2
1,506,training,1
1,507,training,2
1,508,training,3
1,509,training,2
1,511,training,2
1,512,training,1
1,513,training,3
1,515,training,2
1,516,training,2
1,517,training,1
1,518,training,3
1,520,training,3
1,525,training,3
1,526,training,1
1,527,training,1
1,528,training,3
1,530,training,2
1,536,training,3
1,537,training,1
1,538,training,3
1,539,training,2
1,543,training,1
1,544,training,2
1,546,training,2
1,548,training,1
1,549,training,1
1,551,training,2
1,552,training,3
1,556,training,3
1,557,training,2
1,560,training,1
1,562,training,2
1,564,training,2
1,566,training,2
1,569,training,2
1,571,training,2
1,575,training,1
1,578,training,2
1,579,training,3
1,580,training,2
1,581,training,3
1,582,training,2
1,584,training,2
1,585,training,3
1,590,training,3
1,591,training,3
1,593,training,2
1,594,training,1
1,595,training,3
1,598,training,2
1,601,training,2
1,603,training,1
1,604,training,3
1,606,training,3
1,607,training,1
1,608,training,1
1,609,training,1
1,610,training,2
1,612,training,1
1,616,training,3
1,617,training,1
1,619,training,2
1,620,training,2
1,621,training,2
1,623,training,2
1,625,training,1
1,627,training,2
1,628,training,3
1,631,training,3
1,632,training,3
1,637,training,3
1,639,training,1
1,640,training,1
1,643,training,1
1,644,training,3
1,646,training,2
1,649,training,3
1,652,training,2
1,657,training,2
1,659,training,2
1,660,training,3
1,661,training,2
1,663,training,1
1,667,training,1
1,669,training,3
1,670,training,3
1,671,training,3
1,673,training,3
1,674,training,2
1,675,training,3
1,676,training,1
1,677,training,1
1,678,training,3
1,680,training,3
1,685,training,1
1,686,training,2
1,687,training,1
1,688,training,3
1,689,training,2
1,690,training,2
1,693,training,1
1,695,training,3
1,696,training,1
1,701,training,2
1,705,training,1
1,706,training,1
1,707,training,3
1,709,training,2
1,711,training,3
1,712,training,1
1,713,training,1
1,715,training,2
1,716,training,1
1,719,training,1
1,720,training,3
1,721,training,3
1,722,training,1
1,723,training,3
1,724,training,1
1,725,training,1
1,726,training,2
1,727,training,2
1,729,training,3
1,731,training,2
1,733,training,3
1,736,training,2
1,737,training,1
1,738,training,1
1,740,training,1
1,743,training,1
1,745,training,3
1,746,training,3
1,749,training,1
1,750,training,3
1,753,training,1
1,754,training,2
1,755,training,2
1,756,training,3
1,757,training,2
1,759,training,2
1,763,training,2
1,765,training,1
1,766,training,3
1,767,training,3
1,768,training,3
1,771,training,1
1,774,training,3
1,775,training,1
1,776,training,1
1,781,training,1
1,783,training,2
1,784,training,1
1,785,training,3
1,790,training,1
1,795,training,2
1,801,training,2
1,802,training,1
1,804,training,3
1,805,training,3
1,806,training,2
1,807,training,1
1,808,training,1
1,809,training,3
1,812,training,2
1,817,training,1
1,819,training,3
1,821,training,1
1,824,training,1
1,828,training,1
1,829,training,1
1,830,training,3
1,831,training,1
1,838,training,2
1,840,training,3
1,841,training,1
1,846,training,2
1,847,training,2
1,848,training,1
1,849,training,3
1,852,training,1
1,860,training,1
1,861,training,1
1,862,training,2
1,867,training,2
1,868,training,3
1,872,training,3
1,874,training,2
1,875,training,1
1,876,training,2
1,878,training,3
1,879,training,3
1,882,training,1
1,883,training,2
1,884,training,3
1,886,training,3
1,888,training,3
1,889,training,1
1,891,training,2
1,895,training,1
1,896,training,3
1,897,training,3
1,904,training,1
1,908,training,3
1,909,training,2
1,910,training,2
1,918,training,2
1,919,training,3
1,920,training,1
1,921,training,3
1,924,training,1
1,925,training,1
1,926,training,2
1,931,training,1
1,932,training,3
1,935,training,2
1,936,training,2
1,938,training,1
1,941,training,2
1,942,training,3
1,951,training,3
1,955,training,2
1,956,training,2
1,962,training,1
1,972,training,2
1,975,training,2
1,976,training,2
1,978,training,3
1,980,training,1
1,983,training,3
1,985,training,3
1,989,training,3
1,990,training,1
1,992,training,1
1,993,training,3
1,997,training,2
1,998,training,3
1,999,training,1
1,0,validation,
1,10,validation,
1,12,validation,
1,21,validation,
1,23,validation,
1,24,validation,
1,29,validation,
1,35,validation,
1,44,validation,
1,48,validation,
1,60,validation,
1,65,validation,
1,69,validation,
1,74,validation,
1,79,validation,
1,90,validation,
1,100,validation,
1,111,validation,
1,112,validation,
1,117,validation,
1,130,validation,
1,133,validation,
1,140,validation,
1,144,validation,
1,152,validation,
1,161,validation,
1,173,validation,
1,176,validation,
1,182,validation,
1,186,validation,
1,187,validation,
1,188,validation,
1,190,validation,
1,192,validation,
1,193,validation,
1,203,validation,
1,208,validation,
1,213,validation,
1,215,validation,
1,216,validation,
1,219,validation,
1,221,validation,
1,225,validation,
1,229,validation,
1,232,validation,
1,237,validation,
1,268,validation,
1,284,validation,
1,290,validation,
1,311,validation,
1,321,validation,
1,328,validation,
1,339,validation,
1,342,validation,
1,343,validation,
1,359,validation,
1,365,validation,
1,366,validation,
1,368,validation,
1,471,validation,
1,476,validation,
1,478,validation,
1,482,validation,
1,483,validation,
1,484,validation,
1,493,validation,
1,494,validation,
1,502,validation,
1,510,validation,
1,519,validation,
1,521,validation,
1,531,validation,
1,533,validation,
1,535,validation,
1,541,validation,
1,553,validation,
1,563,validation,
1,567,validation,
1,570,validation,
1,573,validation,
1,576,validation,
1,583,validation,
1,624,validation,
1,634,validation,
1,638,validation,
1,641,validation,
1,642,validation,
1,645,validation,
1,651,validation,
1,658,validation,
1,662,validation,
1,664,validation,
1,679,validation,
1,682,validation,
1,691,validation,
1,692,validation,
1,698,validation,
1,708,validation,
1,717,validation,
1,728,validation,
1,739,validation,
1,741,validation,
1,760,validation,
1,778,validation,
1,780,validation,
1,786,validation,
1,788,validation,
1,789,validation,
1,810,validation,
1,823,validation,
1,827,validation,
1,834,validation,
1,844,validation,
1,845,validation,
1,880,validation,
1,890,validation,
1,903,validation,
1,906,validation,
1,929,validation,
1,930,validation,
1,940,validation,
1,961,validation,
1,964,validation,
1,967,validation,
1,969,validation,
1,974,validation,
1,986,validation,
1,987,validation,
2,0,training,2
2,2,training,3
2,3,training,2
2,5,training,3
2,6,training,1
2,8,training,3
2,9,training,2
2,10,training,3
2,11,training,2
2,12,training,1
2,13,training,1
2,17,training,1
2,19,training,1
2,21,training,2
2,23,training,1
2,24,training,2
2,28,training,1
2,29,training,3
2,30,training,2
2,33,training,3
2,35,training,3
2,36,training,3
2,38,training,1
2,40,training,2
2,42,training,1
2,43,training,3
2,44,training,2
2,45,training,1
2,46,training,1
2,47,training,2
2,48,training,3
2,51,training,1
2,53,training,2
2,54,training,1
2,56,training,2
2,59,training,2
2,60,training,1
2,61,training,3
2,65,training,2
2,68,training,1
2,69,training,1
2,70,training,2
2,71,training,3
2,74,training,2
2,79,training,1
2,83,training,1
2,84,training,1
2,85,training,2
2,86,training,3
2,87,training,2
2,88,training,3
2,90,training,2
2,92,training,1
2,96,training,3
2,98,training,2
2,100,training,2
2,106,training,1
2,108,training,2
2,109,training,2
2,111,training,3
2,112,training,2
2,113,training,1
2,116,training,2
2,117,training,3
2,118,training,3
2,123,training,2
2,124,training,1
2,125,training,3
2,130,training,1
2,132,training,1
2,133,training,3
2,138,training,2
2,140,training,1
2,142,training,2
2,143,training,3
2,144,training,1
2,146,training,2
2,147,training,2
2,148,training,2
2,149,training,2
2,150,training,3
2,151,training,3
2,152,training,2
2,153,training,2
2,159,training,2
2,160,training,1
2,161,training,2
2,162,training,3
2,163,training,3
2,167,training,3
2,168,training,3
2,169,training,3
2,171,training,1
2,172,training,3
2,173,training,3
2,174,training,1
2,176,training,2
2,178,training,2
2,180,training,2
2,181,training,2
2,182,training,3
2,184,training,3
2,185,training,3
2,186,training,1
2,187,training,2
2,188,training,1
2,189,training,2
2,190,training,2
2,192,training,1
2,193,training,1
2,196,training,3
2,197,training,2
2,202,training,1
2,203,training,1
2,204,training,2
2,208,training,3
2,209,training,2
2,210,training,2
2,211,training,1
2,213,training,2
2,215,training,1
2,216,training,3
2,217,training,2
2,218,training,3
2,219,training,2
2,220,training,1
2,221,training,3
2,223,training,1
2,224,training,1
2,225,training,3
2,226,training,1
2,229,training,3
2,232,training,1
2,234,training,3
2,235,training,3
2,237,training,3
2,239,training,1
2,244,training,1
2,248,training,3
2,251,training,2
2,253,training,2
2,254,training,2
2,256,training,3
2,257,training,1
2,259,training,2
2,261,training,3
2,268,training,2
2,269,training,3
2,272,training,2
2,273,training,2
2,274,training,1
2,276,training,3
2,279,training,3
2,281,training,3
2,283,training,2
2,284,training,1
2,285,training,2
2,288,training,1
2,289,training,3
2,290,training,2
2,292,training,3
2,293,training,1
2,294,training,3
2,298,training,1
2,299,training,3
2,300,training,3
2,301,training,3
2,302,training,3
2,303,training,2
2,305,training,3
2,309,training,3
2,310,training,1
2,311,training,2
2,313,training,1
2,315,training,2
2,318,training,1
2,319,training,3
2,320,training,3
2,321,training,1
2,323,training,2
2,325,training,3
2,328,training,3
2,329,training,2
2,331,training,3
2,336,training,3
2,338,training,2
2,339,training,2
2,340,training,2
2,342,training,3
2,343,training,1
2,344,training,2
2,347,training,1
2,348,training,3
2,350,training,1
2,351,training,3
2,353,training,2
2,356,training,2
2,357,training,2
2,358,training,3
2,359,training,1
2,362,training,1
2,365,training,3
2,366,training,2
2,367,training,2
2,368,training,1
2,371,training,1
2,373,training,1
2,381,training,2
2,382,training,2
2,383,training,3
2,384,training,1
2,387,training,3
2,391,training,3
2,392,training,2
2,394,training,2
2,396,training,3
2,397,training,1
2,402,training,2
2,403,training,3
2,404,training,3
2,406,training,1
2,407,training,1
2,410,training,1
2,413,training,1
2,415,training,2
2,418,training,3
2,420,training,3
2,421,training,1
2,422,training,3
2,424,training,1
2,425,training,2
2,426,training,3
2,427,training,1
2,428,training,2
2,432,training,3
2,433,training,2
2,434,training,1
2,435,training,2
2,437,training,3
2,438,training,1
2,439,training,1
2,443,training,1
2,446,training,2
2,447,training,3
2,451,training,1
2,453,training,2
2,454,training,1
2,455,training,2
2,458,training,3
2,461,training,1
2,463,training,1
2,465,training,1
2,466,training,1
2,469,training,2
2,471,training,3
2,474,training,3
2,476,training,2
2,477,training,1
2,478,training,3
2,479,training,2
2,482,training,3
2,483,training,3
2,484,training,1
2,489,training,1
2,490,training,2
2,492,training,1
2,493,training,1
2,494,training,3
2,495,training,3
2,496,training,3
2,497,training,2
2,502,training,1
2,503,training,2
2,506,training,2
2,507,training,2
2,508,training,3
2,509,training,3
2,510,training,3
2,511,training,1
2,512,training,1
2,515,training,2
2,516,training,1
2,517,training,3
2,518,training,2
2,519,training,2
2,520,training,1
2,521,training,3
2,525,training,3
2,528,training,1
2,530,training,2
2,531,training,3
2,533,training,2
2,535,training,3
2,536,training,1
2,537,training,2
2,538,training,3
2,539,training,3
2,541,training,3
2,543,training,2
2,544,training,2
2,546,training,3
2,548,training,1
2,551,training,3
2,553,training,1
2,560,training,1
2,563,training,1
2,564,training,2
2,566,training,3
2,567,training,1
2,569,training,2
2,570,training,3
2,573,training,2
2,575,training,1
2,576,training,2
2,578,training,2
2,579,training,2
2,580,training,3
2,581,training,3
2,582,training,1
2,583,training,3
2,584,training,1
2,585,training,1
2,590,training,3
2,591,training,3
2,593,training,3
2,594,training,3
2,595,training,3
2,598,training,1
2,601,training,3
2,603,training,1
2,604,training,1
2,606,training,1
2,607,training,1
2,608,training,1
2,609,training,2
2,610,training,2
2,612,training,1
2,616,training,3
2,617,training,3
2,619,training,2
2,620,training,1
2,621,training,1
2,624,training,1
2,625,training,2
2,628,training,3
2,631,training,1
2,634,training,2
2,637,training,3
2,638,training,2
2,639,training,2
2,640,training,2
2,641,training,2
2,642,training,3
2,644,training,1
2,645,training,2
2,646,training,2
2,649,training,1
2,651,training,1
2,652,training,3
2,657,training,1
2,658,training,2
2,659,training,3
2,660,training,1
2,661,training,2
2,662,training,1
2,663,training,1
2,664,training,2
2,667,training,2
2,669,training,3
2,671,training,1
2,673,training,2
2,675,training,1
2,676,training,1
2,677,training,3
2,678,training,3
2,679,training,2
2,680,training,3
2,682,training,2
2,687,training,1
2,691,training,2
2,692,training,3
2,693,training,1
2,695,training,1
2,696,training,2
2,698,training,3
2,701,training,1
2,706,training,2
2,707,training,3
2,708,training,1
2,711,training,1
2,712,training,1
2,713,training,2
2,715,training,2
2,716,training,2
2,717,training,3
2,719,training,2
2,721,training,1
2,725,training,2
2,727,training,3
2,728,training,1
2,729,training,1
2,731,training,3
2,733,training,1
2,736,training,3
2,738,training,3
2,739,training,1
2,741,training,2
2,745,training,1
2,746,training,2
2,749,training,3
2,754,training,2
2,755,training,1
2,759,training,1
2,760,training,1
2,765,training,3
2,766,training,3
2,768,training,2
2,771,training,2
2,774,training,2
2,775,training,3
2,778,training,3
2,780,training,1
2,781,training,1
2,783,training,3
2,784,training,3
2,785,training,3
2,786,training,1
2,788,training,2
2,789,training,3
2,790,training,2
2,801,training,1
2,804,training,2
2,806,training,2
2,807,training,3
2,809,training,3
2,810,training,3
2,812,training,1
2,817,training,3
2,819,training,1
2,823,training,2
2,824,training,1
2,827,training,2
2,828,training,3
2,830,training,2
2,831,training,3
2,834,training,2
2,840,training,2
2,841,training,3
2,844,training,3
2,845,training,2
2,846,training,1
2,847,training,1
2,849,training,1
2,861,training,3
2,862,training,1
2,867,training,3
2,868,training,1
2,875,training,2
2,876,training,2
2,878,training,2
2,879,training,1
2,880,training,2
2,882,training,2
2,884,training,1
2,886,training,2
2,889,training,3
2,890,training,3
2,891,training,2
2,895,training,1
2,896,training,2
2,897,training,1
2,903,training,1
2,904,training,2
2,906,training,2
2,908,training,2
2,909,training,3
2,910,training,3
2,919,training,2
2,920,training,2
2,921,training,2
2,925,training,1
2,926,training,3
2,929,training,1
2,930,training,2
2,935,training,1
2,936,training,1
2,938,training,1
2,940,training,1
2,941,training,1
2,942,training,1
2,951,training,1
2,955,training,2
2,956,training,3
2,961,training,2
2,962,training,2
2,964,training,1
2,967,training,3
2,969,training,3
2,972,training,3
2,974,training,3
2,975,training,2
2,976,training,3
2,978,training,3
2,983,training,3
2,985,training,3
2,986,training,1
2,987,training,1
2,989,training,1
2,992,training,1
2,997,training,3
2,998,training,2
2,999,training,3
2,7,validation,
2,31,validation,
2,37,validation,
2,55,validation,
2,57,validation,
2,62,validation,
2,75,validation,
2,91,validation,
2,93,validation,
2,103,validation,
2,120,validation,
2,121,validation,
2,122,validation,
2,137,validation,
2,157,validation,
2,165,validation,
2,177,validation,
2,179,validation,
2,183,validation,
2,195,validation,
2,205,validation,
2,214,validation,
2,222,validation,
2,227,validation,
2,236,validation,
2,238,validation,
2,242,validation,
2,243,validation,
2,250,validation,
2,260,validation,
2,271,validation,
2,275,validation,
2,277,validation,
2,280,validation,
2,287,validation,
2,296,validation,
2,314,validation,
2,322,validation,
2,332,validation,
2,334,validation,
2,335,validation,
2,337,validation,
2,341,validation,
2,346,validation,
2,360,validation,
2,361,validation,
2,363,validation,
2,372,validation,
2,374,validation,
2,378,validation,
2,385,validation,
2,389,validation,
2,390,validation,
2,405,validation,
2,414,validation,
2,429,validation,
2,430,validation,
2,440,validation,
2,441,validation,
2,448,validation,
2,449,validation,
2,450,validation,
2,457,validation,
2,464,validation,
2,467,validation,
2,480,validation,
2,481,validation,
2,486,validation,
2,488,validation,
2,500,validation,
2,513,validation,
2,526,validation,
2,527,validation,
2,549,validation,
2,552,validation,
2,556,validation,
2,557,validation,
2,562,validation,
2,571,validation,
2,623,validation,
2,627,validation,
2,632,validation,
2,643,validation,
2,670,validation,
2,674,validation,
2,685,validation,
2,686,validation,
2,688,validation,
2,689,validation,
2,690,validation,
2,705,validation,
2,709,validation,
2,720,validation,
2,722,validation,
2,723,validation,
2,724,validation,
2,726,validation,
2,737,validation,
2,740,validation,
2,743,validation,
2,750,validation,
2,753,validation,
2,756,validation,
2,757,validation,
2,763,validation,
2,767,validation,
2,776,validation,
2,795,validation,
2,802,validation,
2,805,validation,
2,808,validation,
2,821,validation,
2,829,validation,
2,838,validation,
2,848,validation,
2,852,validation,
2,860,validation,
2,872,validation,
2,874,validation,
2,883,validation,
2,888,validation,
2,918,validation,
2,924,validation,
2,931,validation,
2,932,validation,
2,980,validation,
2,990,validation,
2,993,validation,
3,0,training,3
3,2,training,1
3,3,training,2
3,6,training,1
3,7,training,2
3,9,training,3
3,10,training,2
3,11,training,1
3,12,training,3
3,17,training,2
3,19,training,2
3,21,training,3
3,23,training,3
3,24,training,3
3,28,training,2
3,29,training,3
3,31,training,1
3,33,training,3
3,35,training,1
3,37,training,1
3,38,training,1
3,40,training,3
3,42,training,3
3,43,training,1
3,44,training,1
3,46,training,3
3,48,training,2
3,51,training,2
3,53,training,3
3,54,training,2
3,55,training,2
3,56,training,1
3,57,training,3
3,59,training,2
3,60,training,3
3,61,training,3
3,62,training,3
3,65,training,2
3,69,training,3
3,70,training,3
3,71,training,1
3,74,training,2
3,75,training,3
3,79,training,3
3,83,training,2
3,84,training,3
3,85,training,3
3,86,training,2
3,87,training,2
3,90,training,2
3,91,training,2
3,92,training,3
3,93,training,2
3,96,training,1
3,100,training,1
3,103,training,3
3,108,training,1
3,109,training,3
3,111,training,3
3,112,training,1
3,116,training,1
3,117,training,2
3,120,training,2
3,121,training,1
3,122,training,3
3,124,training,3
3,125,training,2
3,130,training,2
3,132,training,3
3,133,training,1
3,137,training,1
3,138,training,3
3,140,training,3
3,142,training,1
3,143,training,1
3,144,training,2
3,146,training,2
3,148,training,2
3,151,training,1
3,152,training,2
3,153,training,3
3,157,training,1
3,160,training,1
3,161,training,2
3,162,training,1
3,163,training,1
3,165,training,1
3,167,training,2
3,171,training,3
3,172,training,1
3,173,training,2
3,174,training,3
3,176,training,2
3,177,training,1
3,178,training,2
3,179,training,1
3,180,training,3
3,181,training,1
3,182,training,2
3,183,training,2
3,184,training,3
3,185,training,1
3,186,training,3
3,187,training,3
3,188,training,1
3,189,training,3
3,190,training,2
3,192,training,1
3,193,training,3
3,195,training,2
3,196,training,2
3,197,training,3
3,202,training,3
3,203,training,2
3,204,training,1
3,205,training,2
3,208,training,2
3,211,training,1
3,213,training,1
3,214,training,3
3,215,training,1
3,216,training,3
3,217,training,1
3,218,training,3
3,219,training,2
3,220,training,2
3,221,training,2
3,222,training,2
3,223,training,3
3,225,training,2
3,226,training,2
3,227,training,2
3,229,training,2
3,232,training,3
3,235,training,2
3,236,training,3
3,237,training,2
3,238,training,1
3,239,training,2
3,242,training,3
3,243,training,3
3,248,training,3
3,250,training,1
3,251,training,2
3,253,training,3
3,259,training,3
3,260,training,2
3,261,training,3
3,268,training,1
3,271,training,2
3,272,training,2
3,275,training,2
3,277,training,3
3,280,training,1
3,281,training,1
3,283,training,2
3,284,training,3
3,285,training,3
3,287,training,3
3,288,training,3
3,290,training,3
3,292,training,1
3,293,training,1
3,296,training,1
3,299,training,3
3,300,training,3
3,301,training,1
3,303,training,1
3,305,training,1
3,309,training,2
3,310,training,2
3,311,training,3
3,314,training,3
3,315,training,1
3,321,training,2
3,322,training,1
3,325,training,2
3,328,training,1
3,329,training,3
3,331,training,2
3,332,training,2
3,334,training,1
3,335,training,2
3,336,training,2
3,337,training,3
3,339,training,1
3,340,training,1
3,341,training,2
3,342,training,2
3,343,training,3
3,344,training,2
3,346,training,3
3,347,training,1
3,348,training,3
3,353,training,2
3,356,training,3
3,357,training,3
3,359,training,2
3,360,training,1
3,361,training,1
3,363,training,2
3,365,training,1
3,366,training,1
3,367,training,1
3,368,training,1
3,371,training,2
3,372,training,3
3,373,training,1
3,374,training,1
3,378,training,3
3,382,training,2
3,383,training,2
3,385,training,3
3,387,training,1
3,389,training,3
3,390,training,3
3,394,training,1
3,397,training,1
3,402,training,3
3,403,training,3
3,404,training,1
3,405,training,3
3,406,training,2
3,410,training,2
3,414,training,3
3,415,training,2
3,420,training,1
3,421,training,3
3,424,training,1
3,425,training,1
3,426,training,2
3,427,training,3
3,428,training,1
3,429,training,2
3,430,training,3
3,432,training,3
3,433,training,2
3,434,training,1
3,435,training,2
3,437,training,3
3,439,training,1
3,440,training,1
3,441,training,2
3,448,training,2
3,449,training,2
3,450,training,3
3,451,training,3
3,454,training,1
3,455,training,3
3,457,training,2
3,461,training,2
3,463,training,1
3,464,training,1
3,465,training,3
3,466,training,3
3,467,training,3
3,469,training,1
3,471,training,3
3,474,training,2
3,476,training,3
3,478,training,1
3,480,training,2
3,481,training,3
3,482,training,1
3,483,training,1
3,484,training,2
3,486,training,1
3,488,training,3
3,489,training,1
3,490,training,3
3,493,training,2
3,494,training,1
3,496,training,1
3,497,training,1
3,500,training,2
3,502,training,2
3,503,training,1
3,509,training,1
3,510,training,2
3,512,training,3
3,513,training,1
3,516,training,3
3,517,training,2
3,518,training,3
3,519,training,2
3,520,training,3
3,521,training,1
3,526,training,1
3,527,training,1
3,528,training,2
3,531,training,1
3,533,training,2
3,535,training,1
3,537,training,1
3,539,training,1
3,541,training,1
3,543,training,2
3,548,training,3
3,549,training,2
3,551,training,3
3,552,training,3
3,553,training,1
3,556,training,2
3,557,training,3
3,560,training,3
3,562,training,2
3,563,training,1
3,564,training,2
3,566,training,3
3,567,training,3
3,569,training,1
3,570,training,3
3,571,training,2
3,573,training,2
3,575,training,2
3,576,training,3
3,578,training,3
3,579,training,1
3,580,training,1
3,581,training,3
3,582,training,2
3,583,training,2
3,585,training,1
3,593,training,1
3,594,training,3
3,595,training,1
3,598,training,3
3,604,training,3
3,607,training,3
3,608,training,1
3,610,training,3
3,612,training,3
3,616,training,3
3,617,training,1
3,619,training,2
3,623,training,2
3,624,training,3
3,627,training,2
3,628,training,1
3,632,training,1
3,634,training,1
3,637,training,3
3,638,training,1
3,639,training,2
3,640,training,2
3,641,training,1
3,642,training,3
3,643,training,1
3,645,training,3
3,649,training,2
3,651,training,1
3,652,training,1
3,657,training,2
3,658,training,1
3,659,training,2
3,662,training,3
3,663,training,2
3,664,training,1
3,667,training,3
3,670,training,2
3,671,training,1
3,673,training,2
3,674,training,1
3,675,training,2
3,676,training,2
3,677,training,2
3,679,training,2
3,680,training,2
3,682,training,3
3,685,training,3
3,686,training,2
3,687,training,3
3,688,training,1
3,689,training,1
3,690,training,2
3,691,training,2
3,692,training,2
3,693,training,1
3,698,training,1
3,701,training,3
3,705,training,1
3,707,training,1
3,708,training,2
3,709,training,1
3,711,training,2
3,712,training,3
3,713,training,2
3,715,training,1
3,717,training,1
3,719,training,2
3,720,training,2
3,721,training,1
3,722,training,1
3,723,training,1
3,724,training,1
3,725,training,2
3,726,training,2
3,727,training,3
3,728,training,1
3,729,training,2
3,731,training,3
3,736,training,3
3,737,training,3
3,738,training,3
3,739,training,2
3,740,training,2
3,741,training,3
3,743,training,3
3,746,training,3
3,749,training,1
3,750,training,3
3,753,training,3
3,754,training,2
3,755,training,3
3,756,training,2
3,757,training,1
3,759,training,3
3,760,training,1
3,763,training,1
3,765,training,2
3,766,training,1
3,767,training,3
3,771,training,2
3,774,training,1
3,775,training,3
3,776,training,3
3,778,training,2
3,780,training,2
3,781,training,2
3,783,training,3
3,784,training,1
3,785,training,1
3,786,training,2
3,788,training,1
3,789,training,2
3,795,training,1
3,801,training,3
3,802,training,2
3,804,training,2
3,805,training,3
3,807,training,1
3,808,training,3
3,809,training,1
3,810,training,3
3,817,training,1
3,819,training,1
3,821,training,2
3,823,training,2
3,827,training,3
3,829,training,2
3,831,training,1
3,834,training,2
3,838,training,3
3,841,training,1
3,844,training,2
3,845,training,1
3,847,training,3
3,848,training,2
3,849,training,1
3,852,training,1
3,860,training,1
3,861,training,3
3,862,training,3
3,868,training,1
3,872,training,3
3,874,training,1
3,875,training,2
3,878,training,1
3,879,training,3
3,880,training,1
3,883,training,1
3,884,training,2
3,888,training,2
3,890,training,1
3,891,training,3
3,895,training,2
3,896,training,3
3,897,training,2
3,903,training,3
3,906,training,1
3,918,training,1
3,919,training,2
3,920,training,1
3,921,training,3
3,924,training,3
3,926,training,2
3,929,training,3
3,930,training,2
3,931,training,2
3,932,training,3
3,940,training,3
3,941,training,3
3,942,training,1
3,951,training,1
3,956,training,2
3,961,training,2
3,964,training,1
3,967,training,1
3,969,training,2
3,972,training,1
3,974,training,3
3,976,training,2
3,978,training,2
3,980,training,2
3,983,training,2
3,986,training,1
3,987,training,2
3,989,training,3
3,990,training,1
3,992,training,3
3,993,training,3
3,998,training,3
3,5,validation,
3,8,validation,
3,13,validation,
3,30,validation,
3,36,validation,
3,45,validation,
3,47,validation,
3,68,validation,
3,88,validation,
3,98,validation,
3,106,validation,
3,113,validation,
3,118,validation,
3,123,validation,
3,147,validation,
3,149,validation,
3,150,validation,
3,159,validation,
3,168,validation,
3,169,validation,
3,209,validation,
3,210,validation,
3,224,validation,
3,234,validation,
3,244,validation,
3,254,validation,
3,256,validation,
3,257,validation,
3,269,validation,
3,273,validation,
3,274,validation,
3,276,validation,
3,279,validation,
3,289,validation,
3,294,validation,
3,298,validation,
3,302,validation,
3,313,validation,
3,318,validation,
3,319,validation,
3,320,validation,
3,323,validation,
3,338,validation,
3,350,validation,
3,351,validation,
3,358,validation,
3,362,validation,
3,381,validation,
3,384,validation,
3,391,validation,
3,392,validation,
3,396,validation,
3,407,validation,
3,413,validation,
3,418,validation,
3,422,validation,
3,438,validation,
3,443,validation,
3,446,validation,
3,447,validation,
3,453,validation,
3,458,validation,
3,477,validation,
3,479,validation,
3,492,validation,
3,495,validation,
3,506,validation,
3,507,validation,
3,508,validation,
3,511,validation,
3,515,validation,
3,525,validation,
3,530,validation,
3,536,validation,
3,538,validation,
3,544,validation,
3,546,validation,
3,584,validation,
3,590,validation,
3,591,validation,
3,601,validation,
3,603,validation,
3,606,validation,
3,609,validation,
3,620,validation,
3,621,validation,
3,625,validation,
3,631,validation,
3,644,validation,
3,646,validation,
3,660,validation,
3,661,validation,
3,669,validation,
3,678,validation,
3,695,validation,
3,696,validation,
3,706,validation,
3,716,validation,
3,733,validation,
3,745,validation,
3,768,validation,
3,790,validation,
3,806,validation,
3,812,validation,
3,824,validation,
3,828,validation,
3,830,validation,
3,840,validation,
3,846,validation,
3,867,validation,
3,876,validation,
3,882,validation,
3,886,validation,
3,889,validation,
3,904,validation,
3,908,validation,
3,909,validation,
3,910,validation,
3,925,validation,
3,935,validation,
3,936,validation,
3,938,validation,
3,955,validation,
3,962,validation,
3,975,validation,
3,985,validation,
3,997,validation,
3,999,validation,
4,0,training,2
4,2,training,1
4,3,training,1
4,5,training,1
4,6,training,1
4,7,training,3
4,8,training,3
4,10,training,2
4,11,training,1
4,12,training,1
4,13,training,1
4,17,training,3
4,21,training,2
4,23,training,2
4,24,training,3
4,28,training,3
4,29,training,1
4,30,training,2
4,31,training,2
4,33,training,3
4,35,training,1
4,36,training,1
4,37,training,3
4,38,training,2
4,44,training,3
4,45,training,2
4,46,training,3
4,47,training,2
4,48,training,3
4,53,training,3
4,55,training,1
4,57,training,1
4,59,training,2
4,60,training,1
4,62,training,3
4,65,training,1
4,68,training,1
4,69,training,3
4,71,training,2
4,74,training,2
4,75,training,3
4,79,training,1
4,83,training,2
4,85,training,1
4,86,training,3
4,88,training,2
4,90,training,1
4,91,training,3
4,92,training,3
4,93,training,1
4,96,training,2
4,98,training,3
4,100,training,1
4,103,training,1
4,106,training,1
4,111,training,1
4,112,training,1
4,113,training,3
4,117,training,2
4,118,training,3
4,120,training,3
4,121,training,2
4,122,training,1
4,123,training,2
4,124,training,1
4,130,training,2
4,132,training,2
4,133,training,3
4,137,training,1
4,138,training,1
4,140,training,2
4,144,training,3
4,147,training,1
4,148,training,1
4,149,training,1
4,150,training,2
4,151,training,2
4,152,training,2
4,153,training,3
4,157,training,3
4,159,training,2
4,160,training,3
4,161,training,1
4,163,training,2
4,165,training,2
4,167,training,2
4,168,training,3
4,169,training,1
4,172,training,1
4,173,training,1
4,174,training,3
4,176,training,3
4,177,training,2
4,178,training,3
4,179,training,2
4,180,training,1
4,181,training,3
4,182,training,1
4,183,training,2
4,185,training,2
4,186,training,3
4,187,training,2
4,188,training,3
4,189,training,2
4,190,training,2
4,192,training,2
4,193,training,3
4,195,training,1
4,197,training,2
4,202,training,1
4,203,training,1
4,205,training,2
4,208,training,2
4,209,training,2
4,210,training,3
4,211,training,3
4,213,training,2
4,214,training,3
4,215,training,2
4,216,training,3
4,217,training,3
4,219,training,3
4,220,training,1
4,221,training,3
4,222,training,2
4,224,training,3
4,225,training,2
4,227,training,3
4,229,training,1
4,232,training,3
4,234,training,3
4,235,training,3
4,236,training,3
4,237,training,2
4,238,training,2
4,239,training,3
4,242,training,2
4,243,training,1
4,244,training,1
4,248,training,2
4,250,training,3
4,254,training,3
4,256,training,1
4,257,training,3
4,259,training,2
4,260,training,1
4,268,training,3
4,269,training,3
4,271,training,1
4,273,training,3
4,274,training,1
4,275,training,2
4,276,training,1
4,277,training,3
4,279,training,1
4,280,training,2
4,281,training,3
4,283,training,3
4,284,training,3
4,287,training,2
4,289,training,2
4,290,training,3
4,293,training,1
4,294,training,1
4,296,training,2
4,298,training,2
4,300,training,1
4,302,training,1
4,310,training,2
4,311,training,1
4,313,training,2
4,314,training,2
4,318,training,2
4,319,training,2
4,320,training,3
4,321,training,3
4,322,training,1
4,323,training,3
4,328,training,2
4,332,training,3
4,334,training,2
4,335,training,3
4,337,training,1
4,338,training,2
4,339,training,1
4,341,training,2
4,342,training,2
4,343,training,3
4,344,training,1
4,346,training,3
4,347,training,1
4,350,training,3
4,351,training,1
4,353,training,2
4,357,training,2
4,358,training,2
4,359,training,1
4,360,training,3
4,361,training,2
4,362,training,3
4,363,training,2
4,365,training,3
4,366,training,3
4,367,training,2
4,368,training,2
4,371,training,3
4,372,training,3
4,374,training,2
4,378,training,2
4,381,training,1
4,383,training,1
4,384,training,2
4,385,training,3
4,389,training,2
4,390,training,1
4,391,training,2
4,392,training,2
4,396,training,2
4,404,training,1
4,405,training,3
4,407,training,1
4,410,training,1
4,413,training,3
4,414,training,1
4,415,training,2
4,418,training,2
4,421,training,3
4,422,training,2
4,425,training,2
4,427,training,3
4,428,training,3
4,429,training,2
4,430,training,2
4,435,training,2
4,438,training,1
4,440,training,1
4,441,training,2
4,443,training,2
4,446,training,1
4,447,training,2
4,448,training,3
4,449,training,2
4,450,training,1
4,453,training,3
4,454,training,3
4,457,training,1
4,458,training,3
4,461,training,2
4,463,training,1
4,464,training,1
4,467,training,3
4,469,training,2
4,471,training,2
4,474,training,3
4,476,training,3
4,477,training,2
4,478,training,1
4,479,training,2
4,480,training,1
4,481,training,1
4,482,training,3
4,483,training,1
4,484,training,2
4,486,training,1
4,488,training,2
4,489,training,3
4,490,training,3
4,492,training,1
4,493,training,1
4,494,training,3
4,495,training,2
4,496,training,3
4,500,training,1
4,502,training,2
4,506,training,2
4,507,training,1
4,508,training,2
4,509,training,3
4,510,training,1
4,511,training,1
4,512,training,3
4,513,training,1
4,515,training,1
4,516,training,3
4,517,training,2
4,518,training,2
4,519,training,1
4,521,training,2
4,525,training,3
4,526,training,1
4,527,training,3
4,530,training,1
4,531,training,2
4,533,training,3
4,535,training,3
4,536,training,1
4,538,training,3
4,539,training,3
4,541,training,1
4,544,training,1
4,546,training,3
4,549,training,3
4,551,training,3
4,552,training,2
4,553,training,3
4,556,training,1
4,557,training,3
4,560,training,1
4,562,training,1
4,563,training,3
4,566,training,2
4,567,training,2
4,570,training,2
4,571,training,1
4,573,training,1
4,575,training,1
4,576,training,2
4,579,training,1
4,583,training,2
4,584,training,1
4,585,training,1
4,590,training,3
4,591,training,1
4,593,training,2
4,594,training,3
4,595,training,1
4,601,training,3
4,603,training,2
4,606,training,1
4,608,training,1
4,609,training,3
4,610,training,2
4,612,training,3
4,616,training,2
4,620,training,3
4,621,training,1
4,623,training,3
4,624,training,3
4,625,training,1
4,627,training,1
4,631,training,1
4,632,training,1
4,634,training,1
4,637,training,1
4,638,training,1
4,639,training,1
4,640,training,3
4,641,training,1
4,642,training,1
4,643,training,3
4,644,training,3
4,645,training,2
4,646,training,1
4,651,training,2
4,657,training,2
4,658,training,3
4,660,training,2
4,661,training,1
4,662,training,1
4,664,training,2
4,667,training,2
4,669,training,2
4,670,training,3
4,673,training,1
4,674,training,3
4,676,training,3
4,678,training,1
4,679,training,1
4,682,training,2
4,685,training,3
4,686,training,3
4,687,training,3
4,688,training,2
4,689,training,3
4,690,training,1
4,691,training,1
4,692,training,3
4,695,training,2
4,696,training,2
4,698,training,3
4,705,training,3
4,706,training,3
4,707,training,2
4,708,training,1
4,709,training,2
4,711,training,2
4,713,training,2
4,716,training,1
4,717,training,1
4,719,training,3
4,720,training,2
4,722,training,3
4,723,training,3
4,724,training,2
4,726,training,1
4,728,training,1
4,729,training,2
4,733,training,1
4,736,training,3
4,737,training,1
4,738,training,2
4,739,training,1
4,740,training,2
4,741,training,2
4,743,training,2
4,745,training,2
4,749,training,2
4,750,training,1
4,753,training,2
4,756,training,3
4,757,training,2
4,760,training,1
4,763,training,3
4,767,training,2
4,768,training,3
4,776,training,3
4,778,training,1
4,780,training,3
4,781,training,3
4,784,training,1
4,786,training,1
4,788,training,3
4,789,training,1
4,790,training,2
4,795,training,2
4,801,training,3
4,802,training,3
4,804,training,3
4,805,training,3
4,806,training,2
4,807,training,3
4,808,training,2
4,810,training,3
4,812,training,2
4,817,training,3
4,819,training,2
4,821,training,2
4,823,training,2
4,824,training,2
4,827,training,3
4,828,training,1
4,829,training,1
4,830,training,3
4,831,training,1
4,834,training,3
4,838,training,2
4,840,training,2
4,844,training,1
4,845,training,2
4,846,training,1
4,848,training,2
4,852,training,2
4,860,training,1
4,861,training,3
4,867,training,3
4,868,training,3
4,872,training,3
4,874,training,2
4,875,training,1
4,876,training,2
4,878,training,3
4,880,training,3
4,882,training,2
4,883,training,1
4,886,training,3
4,888,training,2
4,889,training,1
4,890,training,1
4,895,training,1
4,897,training,2
4,903,training,1
4,904,training,3
4,906,training,1
4,908,training,3
4,909,training,1
4,910,training,1
4,918,training,1
4,921,training,1
4,924,training,2
4,925,training,1
4,926,training,1
4,929,training,2
4,930,training,2
4,931,training,2
4,932,training,2
4,935,training,3
4,936,training,2
4,938,training,1
4,940,training,2
4,941,training,1
4,942,training,2
4,955,training,3
4,961,training,3
4,962,training,3
4,964,training,1
4,967,training,3
4,969,training,1
4,972,training,1
4,974,training,1
4,975,training,1
4,976,training,3
4,978,training,3
4,980,training,3
4,983,training,3
4,985,training,1
4,986,training,2
4,987,training,2
4,990,training,3
4,993,training,1
4,997,training,1
4,998,training,3
4,999,training,1
4,9,validation,
4,19,validation,
4,40,validation,
4,42,validation,
4,43,validation,
4,51,validation,
4,54,validation,
4,56,validation,
4,61,validation,
4,70,validation,
4,84,validation,
4,87,validation,
4,108,validation,
4,109,validation,
4,116,validation,
4,125,validation,
4,142,validation,
4,143,validation,
4,146,validation,
4,162,validation,
4,171,validation,
4,184,validation,
4,196,validation,
4,204,validation,
4,218,validation,
4,223,validation,
4,226,validation,
4,251,validation,
4,253,validation,
4,261,validation,
4,272,validation,
4,285,validation,
4,288,validation,
4,292,validation,
4,299,validation,
4,301,validation,
4,303,validation,
4,305,validation,
4,309,validation,
4,315,validation,
4,325,validation,
4,329,validation,
4,331,validation,
4,336,validation,
4,340,validation,
4,348,validation,
4,356,validation,
4,373,validation,
4,382,validation,
4,387,validation,
4,394,validation,
4,397,validation,
4,402,validation,
4,403,validation,
4,406,validation,
4,420,validation,
4,424,validation,
4,426,validation,
4,432,validation,
4,433,validation,
4,434,validation,
4,437,validation,
4,439,validation,
4,451,validation,
4,455,validation,
4,465,validation,
4,466,validation,
4,497,validation,
4,503,validation,
4,520,validation,
4,528,validation,
4,537,validation,
4,543,validation,
4,548,validation,
4,564,validation,
4,569,validation,
4,578,validation,
4,580,validation,
4,581,validation,
4,582,validation,
4,598,validation,
4,604,validation,
4,607,validation,
4,617,validation,
4,619,validation,
4,628,validation,
4,649,validation,
4,652,validation,
4,659,validation,
4,663,validation,
4,671,validation,
4,675,validation,
4,677,validation,
4,680,validation,
4,693,validation,
4,701,validation,
4,712,validation,
4,715,validation,
4,721,validation,
4,725,validation,
4,727,validation,
4,731,validation,
4,746,validation,
4,754,validation,
4,755,validation,
4,759,validation,
4,765,validation,
4,766,validation,
4,771,validation,
4,774,validation,
4,775,validation,
4,783,validation,
4,785,validation,
4,809,validation,
4,841,validation,
4,847,validation,
4,849,validation,
4,862,validation,
4,879,validation,
4,884,validation,
4,891,validation,
4,896,validation,
4,919,validation,
4,920,validation,
4,951,validation,
4,956,validation,
4,989,validation,
4,992,validation,
5,0,training,2
5,5,training,3
5,7,training,2
5,8,training,3
5,9,training,1
5,10,training,3
5,12,training,3
5,13,training,1
5,19,training,1
5,21,training,2
5,23,training,3
5,24,training,2
5,29,training,3
5,30,training,2
5,31,training,1
5,35,training,1
5,36,training,3
5,37,training,1
5,40,training,3
5,42,training,3
5,43,training,1
5,44,training,3
5,45,training,1
5,47,training,3
5,48,training,3
5,51,training,3
5,54,training,2
5,55,training,3
5,56,training,2
5,57,training,1
5,60,training,2
5,61,training,3
5,62,training,2
5,65,training,2
5,68,training,2
5,69,training,1
5,70,training,2
5,74,training,2
5,75,training,1
5,79,training,3
5,84,training,3
5,87,training,1
5,88,training,3
5,90,training,2
5,91,training,3
5,93,training,2
5,98,training,3
5,100,training,2
5,103,training,1
5,106,training,2
5,108,training,3
5,109,training,3
5,111,training,2
5,112,training,3
5,113,training,3
5,116,training,3
5,117,training,3
5,118,training,2
5,120,training,2
5,121,training,2
5,122,training,3
5,123,training,2
5,125,training,1
5,130,training,3
5,133,training,1
5,137,training,1
5,140,training,2
5,142,training,2
5,143,training,1
5,144,training,1
5,146,training,2
5,147,training,1
5,149,training,2
5,150,training,3
5,152,training,1
5,157,training,3
5,159,training,3
5,161,training,2
5,162,training,2
5,165,training,2
5,168,training,1
5,169,training,2
5,171,training,1
5,173,training,3
5,176,training,2
5,177,training,1
5,179,training,2
5,182,training,3
5,183,training,1
5,184,training,2
5,186,training,1
5,187,training,3
5,188,training,1
5,190,training,2
5,192,training,1
5,193,training,1
5,195,training,2
5,196,training,1
5,203,training,2
5,204,training,1
5,205,training,2
5,208,training,1
5,209,training,3
5,210,training,3
5,213,training,3
5,214,training,2
5,215,training,3
5,216,training,3
5,218,training,1
5,219,training,1
5,221,training,3
5,222,training,3
5,223,training,2
5,224,training,3
5,225,training,3
5,226,training,2
5,227,training,2
5,229,training,1
5,232,training,3
5,234,training,1
5,236,training,3
5,237,training,2
5,238,training,2
5,242,training,2
5,243,training,2
5,244,training,3
5,250,training,2
5,251,training,1
5,253,training,2
5,254,training,1
5,256,training,2
5,257,training,1
5,260,training,2
5,261,training,1
5,268,training,2
5,269,training,2
5,271,training,3
5,272,training,2
5,273,training,3
5,274,training,3
5,275,training,1
5,276,training,2
5,277,training,1
5,279,training,3
5,280,training,1
5,284,training,2
5,285,training,2
5,287,training,2
5,288,training,1
5,289,training,3
5,290,training,1
5,292,training,1
5,294,training,1
5,296,training,3
5,298,training,2
5,299,training,3
5,301,training,1
5,302,training,2
5,303,training,3
5,305,training,2
5,309,training,1
5,311,training,3
5,313,training,1
5,314,training,1
5,315,training,2
5,318,training,3
5,319,training,2
5,320,training,1
5,321,training,3
5,322,training,3
5,323,training,3
5,325,training,3
5,328,training,2
5,329,training,3
5,331,training,3
5,332,training,2
5,334,training,3
5,335,training,1
5,336,training,2
5,337,training,2
5,338,training,3
5,339,training,1
5,340,training,1
5,341,training,3
5,342,training,2
5,343,training,1
5,346,training,2
5,348,training,3
5,350,training,2
5,351,training,1
5,356,training,3
5,358,training,3
5,359,training,2
5,360,training,2
5,361,training,3
5,362,training,3
5,363,training,3
5,365,training,3
5,366,training,1
5,368,training,2
5,372,training,3
5,373,training,1
5,374,training,1
5,378,training,1
5,381,training,3
5,382,training,1
5,384,training,1
5,385,training,1
5,387,training,3
5,389,training,3
5,390,training,3
5,391,training,2
5,392,training,1
5,394,training,1
5,396,training,1
5,397,training,1
5,402,training,3
5,403,training,1
5,405,training,2
5,406,training,2
5,407,training,1
5,413,training,2
5,414,training,1
5,418,training,3
5,420,training,1
5,422,training,1
5,424,training,2
5,426,training,3
5,429,training,2
5,430,training,1
5,432,training,2
5,433,training,2
5,434,training,3
5,437,training,2
5,438,training,3
5,439,training,3
5,440,training,3
5,441,training,2
5,443,training,3
5,446,training,3
5,447,training,3
5,448,training,2
5,449,training,3
5,450,training,1
5,451,training,1
5,453,training,1
5,455,training,1
5,457,training,2
5,458,training,2
5,464,training,2
5,465,training,1
5,466,training,2
5,467,training,1
5,471,training,2
5,476,training,2
5,477,training,2
5,478,training,2
5,479,training,1
5,480,training,3
5,481,training,1
5,482,training,1
5,483,training,3
5,484,training,2
5,486,training,1
5,488,training,3
5,492,training,2
5,493,training,1
5,494,training,3
5,495,training,1
5,497,training,1
5,500,training,2
5,502,training,2
5,503,training,1
5,506,training,2
5,507,training,1
5,508,training,3
5,510,training,1
5,511,training,1
5,513,training,1
5,515,training,2
5,519,training,3
5,520,training,3
5,521,training,2
5,525,training,1
5,526,training,2
5,527,training,3
5,528,training,2
5,530,training,1
5,531,training,2
5,533,training,2
5,535,training,2
5,536,training,2
5,537,training,3
5,538,training,2
5,541,training,3
5,543,training,1
5,544,training,1
5,546,training,1
5,548,training,1
5,549,training,2
5,552,training,1
5,553,training,1
5,556,training,1
5,557,training,1
5,562,training,2
5,563,training,2
5,564,training,3
5,567,training,2
5,569,training,1
5,570,training,1
5,571,training,2
5,573,training,2
5,576,training,1
5,578,training,1
5,580,training,1
5,581,training,3
5,582,training,2
5,583,training,3
5,584,training,3
5,590,training,1
5,591,training,1
5,598,training,3
5,601,training,3
5,603,training,3
5,604,training,2
5,606,training,1
5,607,training,1
5,609,training,1
5,617,training,3
5,619,training,1
5,620,training,3
5,621,training,3
5,623,training,2
5,624,training,2
5,625,training,2
5,627,training,2
5,628,training,3
5,631,training,2
5,632,training,3
5,634,training,1
5,638,training,1
5,641,training,1
5,642,training,2
5,643,training,3
5,644,training,3
5,645,training,1
5,646,training,3
5,649,training,1
5,651,training,3
5,652,training,1
5,658,training,3
5,659,training,3
5,660,training,3
5,661,training,2
5,662,training,2
5,663,training,3
5,664,training,3
5,669,training,1
5,670,training,3
5,671,training,2
5,674,training,3
5,675,training,2
5,677,training,1
5,678,training,1
5,679,training,1
5,680,training,2
5,682,training,2
5,685,training,3
5,686,training,2
5,688,training,1
5,689,training,3
5,690,training,1
5,691,training,1
5,692,training,3
5,693,training,1
5,695,training,3
5,696,training,1
5,698,training,3
5,701,training,1
5,705,training,1
5,706,training,2
5,708,training,3
5,709,training,3
5,712,training,3
5,715,training,3
5,716,training,1
5,717,training,2
5,720,training,1
5,721,training,1
5,722,training,3
5,723,training,2
5,724,training,3
5,725,training,3
5,726,training,2
5,727,training,2
5,728,training,3
5,731,training,1
5,733,training,2
5,737,training,1
5,739,training,3
5,740,training,3
5,741,training,2
5,743,training,1
5,745,training,3
5,746,training,1
5,750,training,2
5,753,training,2
5,754,training,2
5,755,training,2
5,756,training,3
5,757,training,1
5,759,training,1
5,760,training,3
5,763,training,3
5,765,training,1
5,766,training,2
5,767,training,1
5,768,training,1
5,771,training,3
5,774,training,3
5,775,training,1
5,776,training,2
5,778,training,1
5,780,training,2
5,783,training,2
5,785,training,2
5,786,training,1
5,788,training,1
5,789,training,2
5,790,training,1
5,795,training,3
5,802,training,3
5,805,training,2
5,806,training,1
5,808,training,2
5,809,training,3
5,810,training,2
5,812,training,3
5,821,training,2
5,823,training,3
5,824,training,3
5,827,training,1
5,828,training,2
5,829,training,3
5,830,training,1
5,834,training,3
5,838,training,1
5,840,training,3
5,841,training,1
5,844,training,2
5,845,training,3
5,846,training,3
5,847,training,3
5,848,training,1
5,849,training,2
5,852,training,2
5,860,training,1
5,862,training,1
5,867,training,2
5,872,training,1
5,874,training,1
5,876,training,3
5,879,training,1
5,880,training,3
5,882,training,1
5,883,training,1
5,884,training,1
5,886,training,1
5,888,training,2
5,889,training,3
5,890,training,1
5,891,training,3
5,896,training,2
5,903,training,1
5,904,training,2
5,906,training,2
5,908,training,1
5,909,training,3
5,910,training,2
5,918,training,3
5,919,training,2
5,920,training,3
5,924,training,2
5,925,training,2
5,929,training,3
5,930,training,3
5,931,training,1
5,932,training,3
5,935,training,3
5,936,training,3
5,938,training,2
5,940,training,1
5,951,training,2
5,955,training,2
5,956,training,3
5,961,training,2
5,962,training,1
5,964,training,3
5,967,training,2
5,969,training,2
5,974,training,2
5,975,training,2
5,980,training,1
5,985,training,1
5,986,training,2
5,987,training,2
5,989,training,1
5,990,training,3
5,992,training,3
5,993,training,1
5,997,training,2
5,999,training,2
5,2,validation,
5,3,validation,
5,6,validation,
5,11,validation,
5,17,validation,
5,28,validation,
5,33,validation,
5,38,validation,
5,46,validation,
5,53,validation,
5,59,validation,
5,71,validation,
5,83,validation,
5,85,validation,
5,86,validation,
5,92,validation,
5,96,validation,
5,124,validation,
5,132,validation,
5,138,validation,
5,148,validation,
5,151,validation,
5,153,validation,
5,160,validation,
5,163,validation,
5,167,validation,
5,172,validation,
5,174,validation,
5,178,validation,
5,180,validation,
5,181,validation,
5,185,validation,
5,189,validation,
5,197,validation,
5,202,validation,
5,211,validation,
5,217,validation,
5,220,validation,
5,235,validation,
5,239,validation,
5,248,validation,
5,259,validation,
5,281,validation,
5,283,validation,
5,293,validation,
5,300,validation,
5,310,validation,
5,344,validation,
5,347,validation,
5,353,validation,
5,357,validation,
5,367,validation,
5,371,validation,
5,383,validation,
5,404,validation,
5,410,validation,
5,415,validation,
5,421,validation,
5,425,validation,
5,427,validation,
5,428,validation,
5,435,validation,
5,454,validation,
5,461,validation,
5,463,validation,
5,469,validation,
5,474,validation,
5,489,validation,
5,490,validation,
5,496,validation,
5,509,validation,
5,512,validation,
5,516,validation,
5,517,validation,
5,518,validation,
5,539,validation,
5,551,validation,
5,560,validation,
5,566,validation,
5,575,validation,
5,579,validation,
5,585,validation,
5,593,validation,
5,594,validation,
5,595,validation,
5,608,validation,
5,610,validation,
5,612,validation,
5,616,validation,
5,637,validation,
5,639,validation,
5,640,validation,
5,657,validation,
5,667,validation,
5,673,validation,
5,676,validation,
5,687,validation,
5,707,validation,
5,711,validation,
5,713,validation,
5,719,validation,
5,729,validation,
5,736,validation,
5,738,validation,
5,749,validation,
5,781,validation,
5,784,validation,
5,801,validation,
5,804,validation,
5,807,validation,
5,817,validation,
5,819,validation,
5,831,validation,
5,861,validation,
5,868,validation,
5,875,validation,
5,878,validation,
5,895,validation,
5,897,validation,
5,921,validation,
5,926,validation,
5,941,validation,
5,942,validation,
5,972,validation,
5,976,validation,
5,978,validation,
5,983,validation,
5,998,validation,
