Id,outer_validation_fold
0,1
2,5
3,5
5,3
6,5
7,2
8,3
9,4
10,1
11,5
12,1
13,3
17,5
19,4
21,1
23,1
24,1
28,5
29,1
30,3
31,2
33,5
35,1
36,3
37,2
38,5
40,4
42,4
43,4
44,1
45,3
46,5
47,3
48,1
51,4
53,5
54,4
55,2
56,4
57,2
59,5
60,1
61,4
62,2
65,1
68,3
69,1
70,4
71,5
74,1
75,2
79,1
83,5
84,4
85,5
86,5
87,4
88,3
90,1
91,2
92,5
93,2
96,5
98,3
100,1
103,2
106,3
108,4
109,4
111,1
112,1
113,3
116,4
117,1
118,3
120,2
121,2
122,2
123,3
124,5
125,4
130,1
132,5
133,1
137,2
138,5
140,1
142,4
143,4
144,1
146,4
147,3
148,5
149,3
150,3
151,5
152,1
153,5
157,2
159,3
160,5
161,1
162,4
163,5
165,2
167,5
168,3
169,3
171,4
172,5
173,1
174,5
176,1
177,2
178,5
179,2
180,5
181,5
182,1
183,2
184,4
185,5
186,1
187,1
188,1
189,5
190,1
192,1
193,1
195,2
196,4
197,5
202,5
203,1
204,4
205,2
208,1
209,3
210,3
211,5
213,1
214,2
215,1
216,1
217,5
218,4
219,1
220,5
221,1
222,2
223,4
224,3
225,1
226,4
227,2
229,1
232,1
234,3
235,5
236,2
237,1
238,2
239,5
242,2
243,2
244,3
248,5
250,2
251,4
253,4
254,3
256,3
257,3
259,5
260,2
261,4
268,1
269,3
271,2
272,4
273,3
274,3
275,2
276,3
277,2
279,3
280,2
281,5
283,5
284,1
285,4
287,2
288,4
289,3
290,1
292,4
293,5
294,3
296,2
298,3
299,4
300,5
301,4
302,3
303,4
305,4
309,4
310,5
311,1
313,3
314,2
315,4
318,3
319,3
320,3
321,1
322,2
323,3
325,4
328,1
329,4
331,4
332,2
334,2
335,2
336,4
337,2
338,3
339,1
340,4
341,2
342,1
343,1
344,5
346,2
347,5
348,4
350,3
351,3
353,5
356,4
357,5
358,3
359,1
360,2
361,2
362,3
363,2
365,1
366,1
367,5
368,1
371,5
372,2
373,4
374,2
378,2
381,3
382,4
383,5
384,3
385,2
387,4
389,2
390,2
391,3
392,3
394,4
396,3
397,4
402,4
403,4
404,5
405,2
406,4
407,3
410,5
413,3
414,2
415,5
418,3
420,4
421,5
422,3
424,4
425,5
426,4
427,5
428,5
429,2
430,2
432,4
433,4
434,4
435,5
437,4
438,3
439,4
440,2
441,2
443,3
446,3
447,3
448,2
449,2
450,2
451,4
453,3
454,5
455,4
457,2
458,3
461,5
463,5
464,2
465,4
466,4
467,2
469,5
471,1
474,5
476,1
477,3
478,1
479,3
480,2
481,2
482,1
483,1
484,1
486,2
488,2
489,5
490,5
492,3
493,1
494,1
495,3
496,5
497,4
500,2
502,1
503,4
506,3
507,3
508,3
509,5
510,1
511,3
512,5
513,2
515,3
516,5
517,5
518,5
519,1
520,4
521,1
525,3
526,2
527,2
528,4
530,3
531,1
533,1
535,1
536,3
537,4
538,3
539,5
541,1
543,4
544,3
546,3
548,4
549,2
551,5
552,2
553,1
556,2
557,2
560,5
562,2
563,1
564,4
566,5
567,1
569,4
570,1
571,2
573,1
575,5
576,1
578,4
579,5
580,4
581,4
582,4
583,1
584,3
585,5
590,3
591,3
593,5
594,5
595,5
598,4
601,3
603,3
604,4
606,3
607,4
608,5
609,3
610,5
612,5
616,5
617,4
619,4
620,3
621,3
623,2
624,1
625,3
627,2
628,4
631,3
632,2
634,1
637,5
638,1
639,5
640,5
641,1
642,1
643,2
644,3
645,1
646,3
649,4
651,1
652,4
657,5
658,1
659,4
660,3
661,3
662,1
663,4
664,1
667,5
669,3
670,2
671,4
673,5
674,2
675,4
676,5
677,4
678,3
679,1
680,4
682,1
685,2
686,2
687,5
688,2
689,2
690,2
691,1
692,1
693,4
695,3
696,3
698,1
701,4
705,2
706,3
707,5
708,1
709,2
711,5
712,4
713,5
715,4
716,3
717,1
719,5
720,2
721,4
722,2
723,2
724,2
725,4
726,2
727,4
728,1
729,5
731,4
733,3
736,5
737,2
738,5
739,1
740,2
741,1
743,2
745,3
746,4
749,5
750,2
753,2
754,4
755,4
756,2
757,2
759,4
760,1
763,2
765,4
766,4
767,2
768,3
771,4
774,4
775,4
776,2
778,1
780,1
781,5
783,4
784,5
785,4
786,1
788,1
789,1
790,3
795,2
801,5
802,2
804,5
805,2
806,3
807,5
808,2
809,4
810,1
812,3
817,5
819,5
821,2
823,1
824,3
827,1
828,3
829,2
830,3
831,5
834,1
838,2
840,3
841,4
844,1
845,1
846,3
847,4
848,2
849,4
852,2
860,2
861,5
862,4
867,3
868,5
872,2
874,2
875,5
876,3
878,5
879,4
880,1
882,3
883,2
884,4
886,3
888,2
889,3
890,1
891,4
895,5
896,4
897,5
903,1
904,3
906,1
908,3
909,3
910,3
918,2
919,4
920,4
921,5
924,2
925,3
926,5
929,1
930,1
931,2
932,2
935,3
936,3
938,3
940,1
941,5
942,5
951,4
955,3
956,4
961,1
962,3
964,1
967,1
969,1
972,5
974,1
975,3
976,5
978,5
980,2
983,5
985,3
986,1
987,1
989,4
990,2
992,4
993,2
997,3
998,5
999,3
